{
  "N": 4,
  "betas": [
    0.05,
    0.08571428571428572,
    0.12142857142857143,
    0.15714285714285714,
    0.19285714285714284,
    0.22857142857142854,
    0.2642857142857143,
    0.3
  ],
  "end_to_end": [
    0.9531072173450563,
    0.8983865727230804,
    0.6839281582338426,
    0.2783574342839843,
    0.9976301577203364,
    0.6111245184992814,
    0.784249949248489,
    0.6495408178548266
  ],
  "alpha_grid": [
    1.0,
    1.4285714285714286,
    1.8571428571428572,
    2.2857142857142856,
    2.7142857142857144,
    3.142857142857143,
    3.571428571428571,
    4.0
  ],
  "mu_grid": [
    20.0,
    32.5,
    45.0,
    57.5,
    70.0,
    82.5,
    95.0,
    107.5,
    120.0
  ],
  "end_to_end_grid": [
    [
      0.24431475092865063,
      0.24431476454876844,
      0.24431477816920388,
      0.24431479179008359,
      0.24431480541158002,
      0.24431481903330954,
      0.24431483265561504,
      0.24431484627839894
    ],
    [
      0.24431475092856636,
      0.24431476454866713,
      0.24431477816910052,
      0.24431479179010174,
      0.2443148054114156,
      0.24431481903332752,
      0.24431483265546267,
      0.24431484627819533
    ],
    [
      0.24431475092864657,
      0.24431476454859297,
      0.2443147781689763,
      0.24431479178981175,
      0.24431480541132095,
      0.24431481903303415,
      0.24431483265532866,
      0.2443148462780247
    ],
    [
      0.24431475092847865,
      0.2443147645484966,
      0.2443147781689703,
      0.24431479178978327,
      0.2443148054111598,
      0.24431481903295593,
      0.2443148326550837,
      0.24431484627778416
    ],
    [
      0.24431475092843846,
      0.24431476454845646,
      0.24431477816894875,
      0.2443147917896013,
      0.2443148054110051,
      0.24431481903277608,
      0.24431483265501813,
      0.2443148462776087
    ],
    [
      0.2443147509283649,
      0.24431476454828926,
      0.24431477816879288,
      0.24431479178961546,
      0.24431480541093403,
      0.24431481903261004,
      0.2443148326548671,
      0.24431484627750477
    ],
    [
      0.2443147509283209,
      0.24431476454833023,
      0.24431477816872654,
      0.24431479178938836,
      0.2443148054107852,
      0.24431481903242241,
      0.2443148326547257,
      0.2443148462772321
    ],
    [
      0.24431475092816807,
      0.24431476454814832,
      0.2443147781686082,
      0.2443147917894093,
      0.24431480541064443,
      0.2443148190323695,
      0.2443148326544382,
      0.24431484627707156
    ],
    [
      0.2443147509282821,
      0.24431476454811368,
      0.2443147781684934,
      0.24431479178927695,
      0.24431480541061096,
      0.2443148190322233,
      0.2443148326543485,
      0.24431484627694133
    ]
  ]
}